Admin_ID,Admin_Name,Contact_No,Email_ID
1,David,8578456321,david1@gmail.com
2,Darshan,8541253987,darshan23@gmail.com
3,Nick,8745213698,nickb@gmal.com
4,Joe,7896541236,joe2@gmail.com
5,Kapil,8574563254,kapil@gmail.com
6,Gayle,7845214639,gayle3@gmail.com
7,Otis,8547896523,otis@gmail.com
8,Olson,7135486254,olson4@gmail.com
9,Cal,6178457896,cal9@gmail.com
10,Virat,8574562365,virat4@gmail.com
11,Sachin,8574589625,sachin5@gmail.com
12,Dhoni,7895478456,dhoni@gmail.com
13,Messi,8174596524,messi90@gmail.com
14,Ronaldo,8574569856,ronaldo87@gmail.com
15,Modric,7985845896,modric8@gmail.com
16,Lukaku,6174852365,lukaku90@gmail.com
17,Rooney,8574852145,rooney89@gmail.com
18,Neymar,8574856325,neymar16@gmail.com
19,Fred,7185848563,fred7@gmail.com
20,Ramos,7584563254,ramos18@gmail.com
21,Yash,8182543698,yash99@gmail.com
22,Krutik,8198562314,krutik98@gmail.com
23,Ikra,8482561578,ikra97@gmail.com
24,Saloni,8572501236,saloni9@gmail.com
25,Siddhesh,7295632014,siddhesh2@gmail.com
26,Aishwarya,7847589632,aishwarya4@gmail.com
27,Avani,7182506452,avani2@gmail.com
28,Shubham,6768952145,shubham4@gmail.com
29,Jubin,7135624879,jubin@gmail.com
30,Aayush,8185823697,aayush@gmail.com
31,Jash,7015846932,jash1@gmail.com
32,Varun,8574563258,varun22@gmail.com
33,Niket,8185452520,niket@gmail.com
34,Shashwat,8487879695,shashwat@gmail.com
35,Jyestha,7134562301,jyestha24@gmail.com
36,Mahek,8578451259,mahek5@gmail.com
37,Yamini,8184561203,yamini9@gmail.com
38,Krishna,7978654120,krishna333@gmail.com
39,Anjali,7874563258,anjali12@gmail.com
40,Pooja,7175846325,pooja2@gmail.com
41,Parth,7977129840,parth89@gmail.com
42,Jinay,9769637456,jinay99@gmail.com
43,Chirag,9664773757,chirag86@gmail.com
44,Dhaval,9920225060,dhaval78@gmail.com
45,Hiral,9658741230,hiral123@gmail.com
46,Amit,9865321402,amit56@gmail.com
47,Varshil,9638527410,varshil45@gmail.com
48,Ekta,7412589630,ekta87@gmail.com
49,Vedant,7894561230,vedant13@gmail.com
50,Dakshil,9167210133,dakshil12@gmail.com
